{"flutter":{"platforms":{"android":{"default":{"projectId":"plant-doctor-275af","appId":"1:971063646192:android:7f84eea43549badb272f35","fileOutput":"android/app/google-services.json"}},"dart":{"lib/firebase_options.dart":{"projectId":"plant-doctor-275af","configurations":{"android":"1:971063646192:android:7f84eea43549badb272f35","ios":"1:971063646192:ios:2df71685976cde98272f35","macos":"1:971063646192:ios:2df71685976cde98272f35","web":"1:971063646192:web:1fb525ce62fa950b272f35","windows":"1:971063646192:web:af909037979ac158272f35"}}}}}}