{
  "project_info": {
    "project_number": "971063646192",
    "project_id": "plant-doctor-275af",
    "storage_bucket": "plant-doctor-275af.firebasestorage.app"
  },
  "client": [
    {
      "client_info": {
        "mobilesdk_app_id": "1:971063646192:android:7f84eea43549badb272f35",
        "android_client_info": {
          "package_name": "com.example.plant_disease_detection"
        }
      },
      "oauth_client": [],
      "api_key": [
        {
          "current_key": "AIzaSyBOhLOvS7T3OHimIHwKo6fmBzJKz09rFF8"
        }
      ],
      "services": {
        "appinvite_service": {
          "other_platform_oauth_client": []
        }
      }
    }
  ],
  "configuration_version": "1"
}